pl_name,hostname,sy_snum,sy_pnum,discoverymethod,disc_year,disc_facility,pl_controv_flag,pl_orbper,pl_orbpererr1,pl_orbpererr2,pl_orbperlim,pl_orbsmax,pl_orbsmaxerr1,pl_orbsmaxerr2,pl_orbsmaxlim,pl_rade,pl_radeerr1,pl_radeerr2,pl_radelim,pl_radj,pl_radjerr1,pl_radjerr2,pl_radjlim,pl_bmasse,pl_bmasseerr1,pl_bmasseerr2,pl_bmasselim,pl_bmassj,pl_bmassjerr1,pl_bmassjerr2,pl_bmassjlim,pl_bmassprov,pl_orbeccen,pl_orbeccenerr1,pl_orbeccenerr2,pl_orbeccenlim,pl_insol,pl_insolerr1,pl_insolerr2,pl_insollim,pl_eqt,pl_eqterr1,pl_eqterr2,pl_eqtlim,ttv_flag,st_spectype,st_teff,st_tefferr1,st_tefferr2,st_tefflim,st_rad,st_raderr1,st_raderr2,st_radlim,st_mass,st_masserr1,st_masserr2,st_masslim,st_met,st_meterr1,st_meterr2,st_metlim,st_metratio,st_logg,st_loggerr1,st_loggerr2,st_logglim,rastr,ra,decstr,dec,sy_dist,sy_disterr1,sy_disterr2,sy_vmag,sy_vmagerr1,sy_vmagerr2,sy_kmag,sy_kmagerr1,sy_kmagerr2,sy_gaiamag,sy_gaiamagerr1,sy_gaiamagerr2
11 Com b,11 Com,2,1,Radial Velocity,2007,Xinglong Station,0,323.21000000,0.06000000,-0.05000000,0,1.178000,0.000000,0.000000,0,12.200,,,0,1.090,,,0,4914.89849,39.09289,-39.72855,0,15.46400,0.12300,-0.12500,0,Msini,0.238000,0.007000,-0.007000,0,,,,,,,,,0,G8 III,4874.00,,,0,13.76,2.85,-2.45,0,2.09,0.64,-0.63,0,-0.260,0.100,-0.100,0,[Fe/H],2.45,0.08,-0.08,0,12h20m42.91s,185.1787793,+17d47m35.71s,17.7932516,93.1846000,1.9238000,-1.9238000,4.7230700,0.0230000,-0.0230000,2.2820000,0.3460000,-0.3460000,4.4403800,0.0038479,-0.0038479
11 UMi b,11 UMi,1,1,Radial Velocity,2009,Thueringer Landessternwarte Tautenburg,0,516.21997000,3.20000000,-3.20000000,0,1.530000,0.070000,-0.070000,0,12.300,,,0,1.090,,,0,4684.81420,794.57500,-794.57500,0,14.74000,2.50000,-2.50000,0,Msini,0.080000,0.030000,-0.030000,0,,,,,,,,,0,K4 III,4213.00,46.00,-46.00,0,29.79,2.84,-2.84,0,2.78,0.69,-0.69,0,-0.020,,,0,[Fe/H],1.93,0.07,-0.07,0,15h17m05.90s,229.2745954,+71d49m26.19s,71.8239428,125.3210000,1.9765000,-1.9765000,5.0130000,0.0050000,-0.0050000,1.9390000,0.2700000,-0.2700000,4.5621600,0.0039035,-0.0039035
14 And b,14 And,1,1,Radial Velocity,2008,Okayama Astrophysical Observatory,0,186.76000000,0.11000000,-0.12000000,0,0.775000,0.000000,0.000000,0,13.100,,,0,1.160,,,0,1131.15130,36.23244,-38.77507,0,3.55900,0.11400,-0.12200,0,Msini,0.000000,,,0,,,,,,,,,0,K0 III,4888.00,,,0,11.55,1.12,-0.51,0,1.78,0.43,-0.29,0,-0.210,0.100,-0.100,0,[Fe/H],2.55,0.06,-0.07,0,23h31m17.80s,352.8241500,+39d14m09.01s,39.2358367,75.4392000,0.7140000,-0.7140000,5.2313300,0.0230000,-0.0230000,2.3310000,0.2400000,-0.2400000,4.9178100,0.0028262,-0.0028262
14 Her b,14 Her,1,2,Radial Velocity,2002,W. M. Keck Observatory,0,1765.03890000,1.67709000,-1.87256000,0,2.774000,0.109000,-0.120000,0,12.600,,,0,1.120,,,0,2559.47216,518.69596,-280.64248,0,8.05300,1.63200,-0.88300,0,Mass,0.373000,0.008000,-0.006000,0,,,,,,,,,0,K0 V,5338.00,25.00,-25.00,0,0.93,0.01,-0.01,0,0.91,0.11,-0.11,0,0.405,0.047,-0.047,0,[Fe/H],4.45,0.02,-0.02,0,16h10m24.50s,242.6021014,+43d48m58.90s,43.8163621,17.9323000,0.0073000,-0.0073000,6.6193500,0.0230000,-0.0230000,4.7140000,0.0160000,-0.0160000,6.3830000,0.0003512,-0.0003512
16 Cyg B b,16 Cyg B,3,1,Radial Velocity,1996,Multiple Observatories,0,798.50000000,1.00000000,-1.00000000,0,1.660000,0.030000,-0.030000,0,13.500,,,0,1.200,,,0,565.73740,25.42640,-25.42640,0,1.78000,0.08000,-0.08000,0,Msini,0.680000,0.020000,-0.020000,0,,,,,,,,,0,G3 V,5750.00,8.00,-8.00,0,1.13,0.01,-0.01,0,1.08,0.04,-0.04,0,0.060,,,0,[Fe/H],4.36,0.01,-0.01,0,19h41m51.75s,295.4656422,+50d31m00.57s,50.5168243,21.1397000,0.0110000,-0.0111000,6.2150000,0.0160000,-0.0160000,4.6510000,0.0160000,-0.0160000,6.0642800,0.0006029,-0.0006029
17 Sco b,17 Sco,1,1,Radial Velocity,2020,Lick Observatory,0,578.38000000,2.01000000,-2.09000000,0,1.450000,0.020000,-0.020000,0,12.900,,,0,1.150,,,0,1373.01872,47.67426,-38.13941,0,4.32000,0.15000,-0.12000,0,Msini,0.060000,0.030000,-0.020000,0,,,,,,,,,0,K3 III,4157.00,11.00,-10.00,0,25.92,0.78,-0.74,0,1.22,0.13,-0.14,0,-0.010,0.100,-0.100,0,[Fe/H],1.70,0.04,-0.06,0,16h13m50.90s,243.4620874,-11d50m16.05s,-11.8377905,124.9530000,2.5900000,-2.5900000,5.2260600,0.0230000,-0.0230000,2.0940000,0.2440000,-0.2440000,4.7542900,0.0050550,-0.0050550
18 Del b,18 Del,2,1,Radial Velocity,2008,Okayama Astrophysical Observatory,0,982.85000000,1.06000000,-0.92000000,0,2.476000,0.002000,-0.002000,0,12.500,,,0,1.120,,,0,2926.24614,50.85255,-24.47279,0,9.20700,0.16000,-0.07700,0,Msini,0.024000,0.007000,-0.018000,0,,,,,,,,,0,G6 III,4980.00,,,0,8.80,0.61,-0.40,0,2.10,0.13,-0.09,0,-0.060,0.100,-0.100,0,[Fe/H],2.87,0.03,-0.05,0,20h58m25.88s,314.6078375,+10d50m20.90s,10.8391378,76.2220000,0.6217000,-0.6217000,5.5104800,0.0230000,-0.0230000,3.3660000,0.2040000,-0.2040000,5.2747600,0.0026539,-0.0026539
1RXS J160929.1-210524 b,1RXS J160929.1-210524,1,1,Imaging,2008,Gemini Observatory,0,,,,,330.000000,,,0,18.647,,,0,1.664,,,0,3000.00000,300.00000,-300.00000,0,8.00000,1.00000,-1.00000,0,Mass,,,,,,,,,1700,100,-100,0,0,K7 V,4060.00,300.00,-200.00,0,1.31,0.18,-0.10,0,0.85,0.20,-0.10,0,,,,,,4.00,0.14,-0.10,0,16h09m30.30s,242.3762343,-21d04m59.31s,-21.0831403,139.1350000,1.3320000,-1.3070000,12.6180000,0.0690000,-0.0690000,8.9160000,0.0210000,-0.0210000,12.0572000,0.0022750,-0.0022750
24 Boo b,24 Boo,1,1,Radial Velocity,2018,Okayama Astrophysical Observatory,0,30.33000000,0.00000000,-0.01000000,0,0.194000,0.000000,0.000000,0,13.900,,,0,1.240,,,0,280.64248,11.44182,-13.66662,0,0.88300,0.03600,-0.04300,0,Msini,0.032000,0.039000,-0.023000,0,,,,,,,,,0,G3 IV,4816.00,,,0,12.19,1.45,-1.28,0,1.05,0.27,-0.18,0,-0.780,0.100,-0.100,0,[Fe/H],2.28,0.09,-0.07,0,14h28m37.33s,217.1555242,+49d50m40.74s,49.8446488,95.9863000,0.6368500,-0.6368500,5.5900000,0.0010000,-0.0010000,3.1590000,0.2800000,-0.2800000,5.3339000,0.0019998,-0.0019998
24 Sex b,24 Sex,1,2,Radial Velocity,2010,Lick Observatory,0,452.80000000,2.10000000,-4.50000000,0,1.333000,0.004000,-0.009000,0,13.400,,,0,1.190,,,0,632.46000,82.63000,-120.77000,0,1.99000,0.26000,-0.38000,0,Msini,0.090000,0.140000,-0.060000,0,,,,,,,,,0,K0 IV,5098.00,44.00,-44.00,0,4.90,0.08,-0.08,0,1.54,0.08,-0.08,0,-0.030,0.040,-0.040,0,[Fe/H],3.50,0.10,-0.10,0,10h23m28.44s,155.8684866,-00d54m08.64s,-0.9023998,72.0691000,0.6854000,-0.6728000,6.4535000,0.0230000,-0.0230000,4.2850000,0.0160000,-0.0160000,6.2037400,0.0004976,-0.0004976
24 Sex c,24 Sex,1,2,Radial Velocity,2010,Lick Observatory,0,883.00000000,32.40000000,-13.80000000,0,2.080000,0.050000,-0.020000,0,13.900,,,0,1.240,,,0,273.32000,111.24000,-69.92000,0,0.86000,0.35000,-0.22000,0,Msini,0.290000,0.160000,-0.090000,0,,,,,,,,,0,K0 IV,5098.00,44.00,-44.00,0,4.90,0.08,-0.08,0,1.54,0.08,-0.08,0,-0.030,0.040,-0.040,0,[Fe/H],3.50,0.10,-0.10,0,10h23m28.44s,155.8684866,-00d54m08.64s,-0.9023998,72.0691000,0.6854000,-0.6728000,6.4535000,0.0230000,-0.0230000,4.2850000,0.0160000,-0.0160000,6.2037400,0.0004976,-0.0004976
2M0437 b,2MASS J04372171+2651014,1,1,Imaging,2021,Subaru Telescope,0,,,,,118.000000,1.300000,-1.300000,0,13.000,,,0,1.160,,,0,1271.31363,317.82841,-317.82841,0,4.00000,1.00000,-1.00000,0,Mass,,,,,,,,,1450,50,-50,0,0,M V,3100.00,100.00,-100.00,0,0.84,0.11,-0.11,0,0.17,0.01,-0.02,0,0.010,0.050,-0.050,0,[Fe/H],4.50,0.50,-0.50,0,04h37m21.73s,69.3405531,+26d51m01.08s,26.8502997,128.4840000,1.1960000,-1.1740000,16.1860000,1.1330000,-1.1330000,10.3860000,0.0180000,-0.0180000,14.3374000,0.0007720,-0.0007720
2MASS J01033563-5515561 AB b,2MASS J01033563-5515561 A,2,1,Imaging,2013,Paranal Observatory,0,,,,,84.000000,,,0,12.300,,,0,1.100,,,0,4131.79000,317.83000,-317.83000,0,13.00000,1.00000,-1.00000,0,Mass,,,,,,,,,,,,,0,M5.5/M6,,,,,,,,,0.19,0.02,-0.02,0,,,,,,,,,,01h03m35.82s,15.8992489,-55d15m56.98s,-55.2658291,47.2000000,3.1000000,-3.1000000,15.7880000,0.2750000,-0.2750000,9.2370010,0.0220000,-0.0220000,,,
2MASS J01225093-2439505 b,2MASS J01225093-2439505,1,1,Imaging,2013,W. M. Keck Observatory,0,,,,,52.000000,6.000000,-6.000000,0,11.209,,,0,1.000,,,0,7786.50000,794.50000,-794.50000,0,24.50000,2.50000,-2.50000,0,Mass,,,,,,,,,1600,100,-100,0,0,M3.5 V,3530.00,50.00,-50.00,0,0.37,0.01,-0.01,0,0.40,0.05,-0.05,0,,,,,,4.86,0.00,0.00,0,01h22m51.07s,20.7128012,-24d39m52.61s,-24.6646128,33.8281000,0.0864000,-0.0860000,14.2440000,0.0740000,-0.0740000,9.1980000,0.0260000,-0.0260000,12.9025000,0.0011510,-0.0011510
2MASS J02192210-3925225 b,2MASS J02192210-3925225,1,1,Imaging,2015,Cerro Tololo Inter-American Observatory,0,,,,,156.000000,10.000000,-10.000000,0,16.141,0.336,-0.336,0,1.440,0.030,-0.030,0,4417.83700,349.61300,-349.61300,0,13.90000,1.10000,-1.10000,0,Mass,,,,,,,,,,,,,0,M6,3064.00,76.00,-76.00,0,0.28,0.01,-0.01,0,0.11,0.01,-0.01,0,,,,,,4.59,0.06,-0.06,0,02h19m22.25s,34.8427046,-39d25m23.08s,-39.4230767,40.0896412,0.1940496,-0.1940496,,,,10.4040000,0.0250000,-0.0250000,15.0123000,0.0006240,-0.0006240
2MASS J0249-0557 c,2MASS J0249-0557 A,2,1,Imaging,2018,Mauna Kea Observatory,0,,,,,1950.000000,200.000000,-200.000000,0,12.400,,,0,1.110,,,0,3686.80952,413.17693,-317.82841,0,11.60000,1.30000,-1.00000,0,Mass,,,,,,,,,,,,,0,M6 V,2859.00,157.00,-157.00,0,0.32,0.01,-0.01,0,0.05,0.01,-0.01,0,,,,,,4.91,0.00,0.00,0,02h49m56.44s,42.4851627,-05d57m35.97s,-5.9599921,66.0613000,0.4543000,-0.4482000,18.3000000,0.2000000,-0.2000000,11.0550000,0.0210000,-0.0210000,15.6894000,0.0012240,-0.0012240
2MASS J03590986+2009361 b,2MASS J03590986+2009361,1,1,Imaging,2024,European Space Agency (ESA) Gaia Satellite,0,,,,,572.000000,7.000000,-7.000000,0,12.200,,,0,1.080,,,0,5720.91133,317.82841,-317.82841,0,18.00000,1.00000,-1.00000,0,Mass,,,,,,,,,2369,21,-5,0,0,,2943.00,157.00,-157.00,0,0.29,0.01,-0.01,0,0.26,0.02,-0.02,0,,,,,,4.94,0.00,0.00,0,03h59m09.86s,59.7911026,+20d09m35.91s,20.1599759,117.4350000,2.3200000,-2.2330000,,,,12.5330000,0.0280000,-0.0280000,16.9967000,0.0010820,-0.0010820
2MASS J04414489+2301513 b,2MASS J04414489+2301513,1,1,Imaging,2010,Hubble Space Telescope,0,,,,,15.000000,,,0,12.600,,,0,1.130,,,0,2383.60000,794.50000,-794.50000,0,7.50000,2.50000,-2.50000,0,Mass,,,,,,,,,,,,,0,M8.5,2936.00,182.00,-182.00,0,0.23,0.01,-0.01,0,0.02,,,0,,,,,,5.01,0.00,0.00,0,04h41m44.91s,70.4371079,+23d01m51.08s,23.0308544,120.4239870,5.4783417,-5.4783417,,,,13.1610000,0.0250000,-0.0250000,18.9668000,0.0068330,-0.0068330
2MASS J11011926-7732383 b,2MASS J11011926-7732383,1,1,Imaging,2024,European Space Agency (ESA) Gaia Satellite,0,,,,,266.000000,8.000000,-8.000000,0,11.900,,,0,1.060,,,0,8899.19540,3178.28407,-2224.79885,0,28.00000,10.00000,-7.00000,0,Mass,,,,,,,,,2677,78,-76,0,0,,,,,,,,,,,,,,,,,,,,,,,11h01m19.09s,165.3295388,-77d32m38.73s,-77.5440912,,,,,,,11.6320000,0.0260000,-0.0260000,18.3299000,0.0022940,-0.0022940
2MASS J11550485-7919108 b,2MASS J11550485-7919108,1,1,Imaging,2024,European Space Agency (ESA) Gaia Satellite,0,,,,,587.000000,2.000000,-2.000000,0,12.100,,,0,1.080,,,0,6356.56814,317.82841,-317.82841,0,20.00000,1.00000,-1.00000,0,Mass,,,,,,,,,2506,2,-2,0,0,,3021.00,157.00,-157.00,0,0.60,0.02,-0.02,0,0.59,0.02,-0.02,0,,,,,,4.65,0.01,-0.01,0,11h55m04.60s,178.7691634,-79d19m11.12s,-79.3197558,100.8620000,0.6030000,-0.5960000,16.9570000,0.3090000,-0.3090000,10.0790000,0.0210000,-0.0210000,14.8180000,0.0017250,-0.0017250
2MASS J12073346-3932539 b,2MASS J12073346-3932539,1,1,Imaging,2004,Paranal Observatory,0,,,,,55.000000,,,0,12.900,,,0,1.150,,,0,1589.15000,635.66000,-635.66000,0,5.00000,2.00000,-2.00000,0,Mass,,,,,,,,,1250,200,-200,0,0,M8,2825.00,157.00,-157.00,0,0.22,0.01,-0.01,0,0.02,,,0,,,,,,5.03,0.02,-0.02,0,12h07m33.38s,181.8890906,-39d32m54.38s,-39.5484399,64.3080000,0.6569000,-0.6440000,20.1500000,0.1900000,,11.9450000,0.0260000,-0.0260000,17.4076000,0.0021540,-0.0021540
2MASS J19383260+4603591 b,2MASS J19383260+4603591,2,3,Eclipse Timing Variations,2015,Kepler,0,406.00000000,4.00000000,-4.00000000,0,0.920000,0.020000,-0.020000,0,13.400,,,0,1.200,,,0,603.87700,31.78300,-31.78300,0,1.90000,0.10000,-0.10000,0,Mass,0.330000,0.050000,-0.050000,0,,,,,,,,,0,,29564.00,,,0,0.20,0.00,0.00,0,0.48,,,0,-0.092,,,0,[Fe/H],5.51,0.01,-0.01,0,19h38m32.62s,294.6359173,+46d03m59.07s,46.0664076,396.3320000,6.3885000,-6.3885000,12.6510000,0.2150000,-0.2150000,12.9550000,0.0290000,-0.0290000,12.1376000,0.0036870,-0.0036870
2MASS J21252752-8138278 b,2MASS J21252752-8138278,1,1,Imaging,2024,European Space Agency (ESA) Gaia Satellite,0,,,,,7493.000000,11.000000,-11.000000,0,12.400,,,0,1.100,,,0,3813.94088,317.82841,-317.82841,0,12.00000,1.00000,-1.00000,0,Mass,,,,,,,,,1616,32,-3,0,0,,3592.00,157.00,-157.00,0,0.67,0.02,-0.02,0,0.64,0.02,-0.02,0,,,,,,4.59,0.01,-0.01,0,21h25m27.91s,321.3662989,-81d38m29.36s,-81.6414894,34.1154000,0.0811000,-0.0807000,11.8040000,0.0700000,-0.0700000,7.3410000,0.0400000,-0.0400000,10.8133000,0.0020880,-0.0020880
2MASS J22362452+4751425 b,2MASS J22362452+4751425,1,1,Imaging,2016,W. M. Keck Observatory,0,,,,,230.000000,20.000000,-20.000000,0,12.300,,,0,1.100,,,0,3972.87500,476.74500,-476.74500,0,12.50000,1.50000,-1.50000,0,Mass,,,,,,,,,,,,,0,K7 V,4045.00,35.00,-35.00,0,0.64,0.06,-0.06,0,0.60,0.05,-0.05,0,,,,,,4.62,0.09,-0.13,0,22h36m24.62s,339.1025931,+47d51m42.06s,47.8616830,69.5737000,0.1592000,-0.1585000,12.3680000,0.0570000,-0.0570000,9.1480000,0.0180000,-0.0180000,11.9484000,0.0007370,-0.0007370
30 Ari B b,30 Ari B,4,1,Radial Velocity,2009,Thueringer Landessternwarte Tautenburg,0,335.10001000,2.50000000,-2.50000000,0,0.990000,0.020000,-0.020000,0,12.300,,,0,1.100,,,0,4392.41060,572.09400,-572.09400,0,13.82000,1.80000,-1.80000,0,Msini,0.290000,0.090000,-0.090000,0,,,,,,,,,0,F6 V,6331.00,61.00,-61.00,0,1.41,0.05,-0.05,0,1.93,0.27,-0.27,0,0.190,,,0,[Fe/H],4.43,0.05,-0.05,0,02h36m57.91s,39.2412736,+24d38m52.84s,24.6480103,44.6570000,0.1039000,-0.1034000,7.0920900,0.0230000,-0.0230000,5.8220000,0.0210000,-0.0210000,6.9608500,0.0005120,-0.0005120
4 UMa b,4 UMa,1,1,Radial Velocity,2006,Thueringer Landessternwarte Tautenburg,0,270.27000000,0.24000000,-0.09000000,0,0.877000,0.001000,0.000000,0,12.600,,,0,1.120,,,0,2511.48007,63.24785,-120.13914,0,7.90200,0.19900,-0.37800,0,Msini,0.453000,0.021000,-0.036000,0,,,,,,,,,0,K1 III,4415.00,70.00,-70.00,0,18.11,1.47,-1.47,0,1.23,0.15,-0.15,0,-0.250,0.040,-0.040,0,[Fe/H],1.80,0.15,-0.15,0,08h40m12.67s,130.0528099,+64d19m40.98s,64.3280504,73.4603000,1.1860500,-1.1860500,4.5801000,0.0230000,-0.0230000,1.7340000,0.2180000,-0.2180000,4.2377300,0.0047288,-0.0047288
42 Dra b,42 Dra,2,1,Radial Velocity,2008,Thueringer Landessternwarte Tautenburg,0,479.10000000,6.20000000,-6.20000000,0,1.190000,0.010000,-0.010000,0,13.000,,,0,1.160,,,0,1233.13000,270.14000,-270.14000,0,3.88000,0.85000,-0.85000,0,Msini,0.380000,0.060000,-0.060000,0,,,,,,,,,0,K1.5 III,4200.00,70.00,-70.00,0,22.03,1.00,-1.00,0,0.98,0.05,-0.05,0,-0.460,0.050,-0.050,0,[Fe/H],1.71,0.05,-0.05,0,18h25m59.40s,276.4975053,+65d33m48.11s,65.5633652,90.6545000,1.3227000,-1.3227000,4.8262000,0.0230000,-0.0230000,2.0850000,0.2160000,-0.2160000,4.4321600,0.0062380,-0.0062380
47 UMa b,47 UMa,1,3,Radial Velocity,1996,Lick Observatory,0,1078.00000000,2.00000000,-2.00000000,0,2.100000,0.020000,-0.020000,0,13.200,,,0,1.180,,,0,804.08000,22.25000,-19.07000,0,2.53000,0.07000,-0.06000,0,Msini,0.032000,0.014000,-0.014000,0,,,,,,,,,0,G0 V,5872.00,92.94,-113.53,0,1.21,0.04,-0.06,0,1.06,0.13,-0.14,0,0.040,0.100,-0.100,0,[M/H],4.30,0.07,-0.07,0,10h59m27.54s,164.8647611,+40d25m49.78s,40.4304931,13.7967000,0.0289000,-0.0289000,5.0335200,0.0230000,-0.0230000,3.7500000,0.3400000,-0.3400000,4.8783700,0.0038294,-0.0038294
47 UMa c,47 UMa,1,3,Radial Velocity,2001,Lick Observatory,0,2391.00000000,100.00000000,-87.00000000,0,3.600000,0.100000,-0.100000,0,14.200,,,0,1.270,,,0,171.62100,20.97600,-23.20100,0,0.54000,0.06600,-0.07300,0,Msini,0.098000,0.047000,-0.096000,0,,,,,,,,,0,G1 V,5872.00,92.94,-113.53,0,1.21,0.04,-0.06,0,1.06,0.13,-0.14,0,0.040,0.100,-0.100,0,[M/H],4.30,0.07,-0.07,0,10h59m27.54s,164.8647611,+40d25m49.78s,40.4304931,13.7967000,0.0289000,-0.0289000,5.0335200,0.0230000,-0.0230000,3.7500000,0.3400000,-0.3400000,4.8783700,0.0038294,-0.0038294
47 UMa d,47 UMa,1,3,Radial Velocity,2009,Lick Observatory,0,14002.00000000,4018.00000000,-5095.00000000,0,11.600000,2.100000,-2.900000,0,13.500,,,0,1.200,,,0,521.22000,92.17000,-152.55000,0,1.64000,0.29000,-0.48000,0,Msini,0.160000,0.090000,-0.160000,0,,,,,,,,,0,G0V,5872.00,92.94,-113.53,0,1.21,0.04,-0.06,0,1.06,0.13,-0.14,0,0.040,0.100,-0.100,0,[M/H],4.30,0.07,-0.07,0,10h59m27.54s,164.8647611,+40d25m49.78s,40.4304931,13.7967000,0.0289000,-0.0289000,5.0335200,0.0230000,-0.0230000,3.7500000,0.3400000,-0.3400000,4.8783700,0.0038294,-0.0038294
51 Eri b,51 Eri,3,1,Imaging,2015,Gemini Observatory,0,11688.00000000,6209.25000000,-3287.25000000,0,13.200000,0.200000,-0.200000,0,13.400,,,0,1.190,,,0,635.66000,,,0,2.00000,,,0,Mass,0.450000,0.100000,-0.150000,0,,,,,700,,,0,0,F0 IV,7295.00,120.09,-98.99,0,1.49,0.05,-0.06,0,1.75,0.05,-0.05,0,-0.027,0.045,-0.045,0,[M/H],4.31,0.09,-0.07,0,04h37m36.18s,69.4007424,-02d28m25.77s,-2.4738245,29.7575000,0.1213000,-0.1203000,5.2114900,0.0230000,-0.0230000,4.5370000,0.0240000,-0.0240000,5.1580600,0.0023075,-0.0023075
51 Peg b,51 Peg,1,1,Radial Velocity,1995,Haute-Provence Observatory,0,4.23078500,0.00003600,-0.00003600,0,0.052700,0.003000,-0.003000,0,14.300,,,0,1.270,,,0,146.20180,19.06980,-3.17830,0,0.46000,0.06000,-0.01000,0,Mass,0.013000,0.012000,-0.012000,0,,,,,,,,,0,G5V,5758.00,101.62,-119.62,0,1.18,0.07,-0.04,0,1.03,0.17,-0.09,0,0.180,0.100,-0.100,0,[M/H],4.31,0.08,-0.06,0,22h57m28.21s,344.3675399,+20d46m08.74s,20.7690958,15.4614000,0.0297000,-0.0297000,5.4530900,0.0230000,-0.0230000,3.9110000,0.0210000,-0.0210000,5.2864700,0.0027680,-0.0027680
55 Cnc b,55 Cnc,2,5,Radial Velocity,1996,Lick Observatory,0,14.65160000,0.00010000,-0.00010000,0,0.113400,0.000600,-0.000600,0,13.900,,,0,1.240,,,0,263.97850,1.04880,-1.04880,0,0.83060,0.00330,-0.00330,0,Mass,0.000000,0.010000,-0.010000,0,,,,,700,,,0,0,K0 IV-V,5172.00,18.00,-18.00,0,0.94,0.01,-0.01,0,0.91,0.02,-0.02,0,0.350,0.100,-0.100,0,[Fe/H],4.43,0.02,-0.02,0,08h52m35.24s,133.1468373,+28d19m47.34s,28.3298154,12.5855000,0.0124000,-0.0123000,5.9508400,0.0230000,-0.0230000,4.0150000,0.0360000,-0.0360000,5.7297300,0.0008523,-0.0008523
55 Cnc c,55 Cnc,2,5,Radial Velocity,2004,McDonald Observatory,0,44.39890000,0.00420000,-0.00430000,0,0.237300,0.001300,-0.001300,0,8.510,,,0,0.760,,,0,54.47380,1.74800,-1.74800,0,0.17140,0.00550,-0.00550,0,Mass,0.030000,0.020000,-0.020000,0,,,,,,,,,0,G8V,5172.00,18.00,-18.00,0,0.94,0.01,-0.01,0,0.91,0.02,-0.02,0,0.350,0.100,-0.100,0,[Fe/H],4.43,0.02,-0.02,0,08h52m35.24s,133.1468373,+28d19m47.34s,28.3298154,12.5855000,0.0124000,-0.0123000,5.9508400,0.0230000,-0.0230000,4.0150000,0.0360000,-0.0360000,5.7297300,0.0008523,-0.0008523
55 Cnc d,55 Cnc,2,5,Radial Velocity,2002,Lick Observatory,0,5574.20000000,93.80000000,-88.60000000,0,5.957000,0.074000,-0.071000,0,13.000,,,0,1.160,,,0,1232.49300,21.61200,-21.61200,0,3.87800,0.06800,-0.06800,0,Mass,0.130000,0.020000,-0.020000,0,,,,,,,,,0,G8 V,5172.00,18.00,-18.00,0,0.94,0.01,-0.01,0,0.91,0.02,-0.02,0,0.350,0.100,-0.100,0,[Fe/H],4.43,0.02,-0.02,0,08h52m35.24s,133.1468373,+28d19m47.34s,28.3298154,12.5855000,0.0124000,-0.0123000,5.9508400,0.0230000,-0.0230000,4.0150000,0.0360000,-0.0360000,5.7297300,0.0008523,-0.0008523
55 Cnc e,55 Cnc,2,5,Radial Velocity,2004,McDonald Observatory,0,0.73654740,0.00000130,-0.00000140,0,0.015440,0.000050,-0.000050,0,1.875,0.029,-0.029,0,0.167,0.003,-0.003,0,7.99000,0.32000,-0.33000,0,0.02514,0.00101,-0.00104,0,Mass,0.050000,0.030000,-0.030000,0,2657.83,,,0,1958,15,-15,0,0,G8 V,5172.00,18.00,-18.00,0,0.94,0.01,-0.01,0,0.91,0.02,-0.02,0,0.350,0.100,-0.100,0,[Fe/H],4.43,0.02,-0.02,0,08h52m35.24s,133.1468373,+28d19m47.34s,28.3298154,12.5855000,0.0124000,-0.0123000,5.9508400,0.0230000,-0.0230000,4.0150000,0.0360000,-0.0360000,5.7297300,0.0008523,-0.0008523
55 Cnc f,55 Cnc,2,5,Radial Velocity,2007,Multiple Observatories,0,259.88000000,0.29000000,-0.29000000,0,0.770800,0.004300,-0.004400,0,7.590,,,0,0.677,,,0,44.81200,3.81400,-3.81400,0,0.14100,0.01200,-0.01200,0,Mass,0.080000,0.050000,-0.040000,0,,,,,,,,,0,G8V,5172.00,18.00,-18.00,0,0.94,0.01,-0.01,0,0.91,0.02,-0.02,0,0.350,0.100,-0.100,0,[Fe/H],4.43,0.02,-0.02,0,08h52m35.24s,133.1468373,+28d19m47.34s,28.3298154,12.5855000,0.0124000,-0.0123000,5.9508400,0.0230000,-0.0230000,4.0150000,0.0360000,-0.0360000,5.7297300,0.0008523,-0.0008523
6 Lyn b,6 Lyn,1,1,Radial Velocity,2008,Okayama Astrophysical Observatory,0,919.86000000,1.92000000,-3.71000000,0,2.028000,0.003000,-0.005000,0,13.400,,,0,1.200,,,0,597.83523,12.07748,-28.28673,0,1.88100,0.03800,-0.08900,0,Msini,0.042000,0.024000,-0.032000,0,,,,,,,,,0,K0 IV,4941.00,,,0,4.94,0.55,-0.50,0,1.32,0.20,-0.21,0,-0.170,0.110,-0.070,0,[Fe/H],3.16,0.08,-0.08,0,06h30m47.05s,97.6960311,+58d09m40.23s,58.1611753,54.6599000,0.2734000,-0.2734000,5.8730700,0.0230000,-0.0230000,3.7010000,0.3000000,-0.3000000,5.6068600,0.0010850,-0.0010850
61 Vir b,61 Vir,1,3,Radial Velocity,2009,Multiple Observatories,0,4.21500000,0.00060000,-0.00060000,0,0.050201,0.000005,-0.000005,0,2.110,,,0,0.188,,,0,5.10000,0.50000,-0.50000,0,0.01600,0.00200,-0.00200,0,Msini,0.120000,0.110000,-0.110000,0,,,,,,,,,0,G5 V,5577.00,33.00,-33.00,0,0.96,0.01,-0.01,0,0.94,0.03,-0.03,0,-0.010,,,0,[Fe/H],4.34,0.03,-0.03,0,13h18m23.15s,199.5964550,-18d18m56.79s,-18.3157745,8.5033200,0.0173700,-0.0173000,4.6955000,0.0462000,-0.0462000,2.9560000,0.2360000,-0.2360000,4.5405200,0.0055701,-0.0055701
61 Vir c,61 Vir,1,3,Radial Velocity,2009,Multiple Observatories,0,38.02100000,0.03400000,-0.03400000,0,0.217500,0.000100,-0.000100,0,4.460,,,0,0.398,,,0,18.20000,1.10000,-1.10000,0,0.05700,0.00300,-0.00300,0,Msini,0.140000,0.060000,-0.060000,0,,,,,,,,,0,G5 V,5577.00,33.00,-33.00,0,0.96,0.01,-0.01,0,0.94,0.03,-0.03,0,-0.010,,,0,[Fe/H],4.34,0.03,-0.03,0,13h18m23.15s,199.5964550,-18d18m56.79s,-18.3157745,8.5033200,0.0173700,-0.0173000,4.6955000,0.0462000,-0.0462000,2.9560000,0.2360000,-0.2360000,4.5405200,0.0055701,-0.0055701
61 Vir d,61 Vir,1,3,Radial Velocity,2009,Multiple Observatories,0,123.01000000,0.55000000,-0.55000000,0,0.476000,0.001000,-0.001000,0,5.110,,,0,0.456,,,0,22.90000,2.60000,-2.60000,0,0.07200,0.00800,-0.00800,0,Msini,0.350000,0.090000,-0.090000,0,,,,,,,,,0,G5 V,5577.00,33.00,-33.00,0,0.96,0.01,-0.01,0,0.94,0.03,-0.03,0,-0.010,,,0,[Fe/H],4.34,0.03,-0.03,0,13h18m23.15s,199.5964550,-18d18m56.79s,-18.3157745,8.5033200,0.0173700,-0.0173000,4.6955000,0.0462000,-0.0462000,2.9560000,0.2360000,-0.2360000,4.5405200,0.0055701,-0.0055701
7 CMa b,7 CMa,1,2,Radial Velocity,2011,Anglo-Australian Telescope,0,735.10000000,14.80000000,-1.00000000,0,1.758000,0.024000,-0.001000,0,13.400,,,0,1.200,,,0,587.98550,19.06980,-19.06980,0,1.85000,0.06000,-0.06000,0,Msin(i)/sin(i),0.060000,0.030000,-0.030000,0,,,,,,,,,0,K1 III,4826.00,45.00,-55.00,0,4.87,0.17,-0.14,0,1.34,0.11,-0.12,0,0.210,0.100,-0.100,0,[Fe/H],3.19,0.06,-0.07,0,06h36m41.11s,99.1712760,-19d15m22.25s,-19.2561808,19.8101000,0.1648000,-0.1648000,3.9500000,0.0300000,-0.0300000,1.5640000,0.2520000,-0.2520000,3.6785300,0.0041348,-0.0041348
7 CMa c,7 CMa,1,2,Radial Velocity,2019,Multiple Observatories,0,996.00000000,1.50000000,-52.40000000,0,2.153000,0.003000,-0.080000,0,13.900,,,0,1.240,,,0,276.51210,19.06980,-19.06980,0,0.87000,0.06000,-0.06000,0,Msin(i)/sin(i),0.080000,0.050000,-0.040000,0,,,,,,,,,0,K1III(+M),4826.00,45.00,-55.00,0,4.87,0.17,-0.14,0,1.34,0.11,-0.12,0,0.210,0.100,-0.100,0,[Fe/H],3.19,0.06,-0.07,0,06h36m41.11s,99.1712760,-19d15m22.25s,-19.2561808,19.8101000,0.1648000,-0.1648000,3.9500000,0.0300000,-0.0300000,1.5640000,0.2520000,-0.2520000,3.6785300,0.0041348,-0.0041348
70 Vir b,70 Vir,1,1,Radial Velocity,1996,Lick Observatory,0,116.68800000,0.00540000,-0.00540000,0,0.481000,0.022000,-0.022000,0,12.600,,,0,1.130,,,0,2380.45000,193.87000,-193.87000,0,7.49000,0.61000,-0.61000,0,Mass,0.398800,0.001900,-0.001900,0,,,,,,,,,0,G5V,5495.00,,,0,1.89,,,0,1.09,,,0,-0.090,0.030,-0.030,0,[Fe/H],3.95,,,0,13h28m25.56s,202.1064898,+13d46m34.71s,13.7763085,17.9011000,0.0560000,-0.0557000,4.9680800,0.0230000,-0.0230000,3.5000000,0.2940000,-0.2940000,4.7617800,0.0044158,-0.0044158
75 Cet b,75 Cet,2,2,Radial Velocity,2012,Okayama Astrophysical Observatory,0,696.62000000,1.33000000,-1.69000000,0,1.912000,0.002000,-0.003000,0,13.300,,,0,1.180,,,0,787.89662,23.51930,-28.60456,0,2.47900,0.07400,-0.09000,0,Msini,0.093000,0.026000,-0.042000,0,,,,,,,,,0,G3 III,4809.00,,,0,10.38,0.15,-0.26,0,1.92,0.07,-0.08,0,0.100,0.080,-0.050,0,[Fe/H],2.69,0.03,-0.04,0,02h32m09.40s,38.0391598,-01d02m06.10s,-1.0350269,82.9613000,0.7236500,-0.7236500,5.3532000,0.0230000,-0.0230000,3.2070000,0.2720000,-0.2720000,5.0934300,0.0039324,-0.0039324
75 Cet c,75 Cet,2,2,Radial Velocity,2023,Okayama Astrophysical Observatory,0,2051.62000000,45.98000000,-40.47000000,0,3.929000,0.058000,-0.052000,0,13.900,,,0,1.240,,,0,289.85951,27.96890,-45.44946,0,0.91200,0.08800,-0.14300,0,Msini,0.023000,0.191000,-0.003000,0,,,,,,,,,0,G3 III,4809.00,,,0,10.38,0.15,-0.26,0,1.92,0.07,-0.08,0,0.100,0.080,-0.050,0,[Fe/H],2.69,0.03,-0.04,0,02h32m09.40s,38.0391598,-01d02m06.10s,-1.0350269,82.9613000,0.7236500,-0.7236500,5.3532000,0.0230000,-0.0230000,3.2070000,0.2720000,-0.2720000,5.0934300,0.0039324,-0.0039324
8 UMi b,8 UMi,1,1,Radial Velocity,2015,Bohyunsan Optical Astronomical Observatory,0,93.40000000,4.50000000,-4.50000000,0,0.490000,0.020000,-0.020000,0,13.600,,,0,1.220,,,0,416.35730,50.85280,-50.85280,0,1.31000,0.16000,-0.16000,0,Msini,0.060000,0.090000,-0.090000,0,,,,,,,,,0,K0,4847.00,7.00,-7.00,0,10.30,0.57,-0.57,0,1.44,0.19,-0.19,0,-0.030,,,0,[Fe/H],2.57,0.03,-0.03,0,14h56m48.40s,224.2016850,+74d54m03.38s,74.9009379,162.5520000,0.6510000,-0.6460000,6.8329500,0.0230000,-0.0230000,4.5150000,0.0200000,-0.0200000,6.5589600,0.0002370,-0.0002370
81 Cet b,81 Cet,1,1,Radial Velocity,2008,Okayama Astrophysical Observatory,0,1005.57000000,1.84000000,-1.94000000,0,2.104000,0.003000,-0.003000,0,13.100,,,0,1.170,,,0,1051.05854,24.79062,-21.29450,0,3.30700,0.07800,-0.06700,0,Msini,0.037000,0.015000,-0.025000,0,,,,,,,,,0,G5 III,4734.00,,,0,11.21,0.81,-0.35,0,1.23,0.30,-0.25,0,-0.110,0.100,-0.060,0,[Fe/H],2.41,0.07,-0.06,0,02h37m41.85s,39.4243555,-03d23m46.90s,-3.3963607,101.2600000,1.2220000,-1.2220000,5.6430700,0.0230000,-0.0230000,3.2660000,0.2580000,-0.2580000,5.3758800,0.0031065,-0.0031065
91 Aqr b,91 Aqr,3,1,Radial Velocity,2013,Lick Observatory,0,181.40000000,0.10000000,-0.10000000,0,0.700000,,,0,13.100,,,0,1.170,,,0,1017.00000,,,0,3.20000,,,0,Msini,0.027000,0.026000,-0.026000,0,,,,,,,,,0,K0 III,4665.00,18.00,-18.00,0,11.00,0.10,-0.10,0,1.40,0.10,-0.10,0,-0.030,0.100,-0.100,0,[Fe/H],2.52,0.05,-0.05,0,23h15m53.88s,348.9745031,-09d05m16.11s,-9.0878076,44.0304000,0.5132500,-0.5132500,4.2394600,0.0230000,-0.0230000,1.5970000,0.2360000,-0.2360000,3.9531100,0.0088430,-0.0088430
AB Aur b,AB Aur,1,1,Imaging,2022,Subaru Telescope,0,,,,,93.900000,49.300000,-49.300000,0,12.500,,,0,1.120,,,0,2860.45566,,,0,9.00000,,,0,Mass,0.400000,0.200000,-0.210000,0,,,,,,,,,0,,9770.00,100.00,-100.00,0,2.96,0.10,-0.07,0,2.40,0.20,-0.20,0,,,,,,3.77,0.09,-0.07,0,04h55m45.85s,73.9410446,+30d33m03.92s,30.5510888,162.1270000,1.5260000,-1.4980000,7.0760000,0.0420000,-0.0420000,4.2300000,0.0160000,-0.0160000,7.0785400,0.0010490,-0.0010490
AB Pic b,AB Pic,1,1,Imaging,2005,Paranal Observatory,0,,,,,260.000000,,,0,12.300,,,0,1.100,,,0,4290.50000,158.90000,-158.90000,0,13.50000,0.50000,-0.50000,0,Mass,,,,,,,,,,,,,0,K2 V,5285.00,10.00,-9.00,0,1.00,0.03,-0.02,0,0.90,0.10,-0.10,0,0.040,0.020,-0.020,0,[Fe/H],4.53,0.01,-0.01,0,06h19m12.94s,94.8039208,-58d03m14.83s,-58.0541184,50.0475000,0.0735000,-0.0733000,9.1300000,0.0300000,-0.0300000,6.9810000,0.0240000,-0.0240000,8.8378000,0.0013320,-0.0013320
AF Lep b,AF Lep,1,1,Imaging,2023,Paranal Observatory,0,8030.00000000,1800.00000000,-1800.00000000,0,8.400000,1.100000,-1.300000,0,13.100,,,0,1.170,,,0,1017.05090,222.47988,-190.69704,0,3.20000,0.70000,-0.60000,0,Mass,0.240000,0.270000,-0.150000,0,,,,,1400,300,-300,0,0,F8 V,6130.00,60.00,-60.00,0,1.25,0.06,-0.06,0,1.20,0.06,-0.06,0,0.190,0.020,-0.020,0,[Fe/H],4.40,,,0,05h27m04.78s,81.7699216,-11d54m04.23s,-11.9011752,26.8564000,0.0189000,-0.0188000,6.3320000,0.0350000,-0.0350000,4.9260000,0.0210000,-0.0210000,6.1864400,0.0011395,-0.0011395
AU Mic b,AU Mic,1,3,Transit,2020,Transiting Exoplanet Survey Satellite (TESS),0,8.46299910,,,0,0.064500,0.001300,-0.001300,0,3.957,0.146,-0.146,0,0.353,0.013,-0.013,0,20.12000,1.57000,-1.72000,0,0.06330,0.00494,-0.00541,0,Mass,0.186000,0.036000,-0.035000,0,21.20,2.50,-2.40,0,600,17,-16,0,1,M1,3665.00,31.00,-31.00,0,0.82,0.02,-0.02,0,0.50,0.03,-0.03,0,0.120,0.100,-0.100,0,[M/H],4.40,0.03,-0.03,0,20h45m09.87s,311.2911369,-31d20m32.82s,-31.3424500,9.7221000,0.0046250,-0.0046250,8.8100000,0.1000000,-0.1000000,4.5290000,0.0200000,-0.0200000,7.8403800,0.0007310,-0.0007310
AU Mic c,AU Mic,1,3,Transit,2021,Transiting Exoplanet Survey Satellite (TESS),0,18.85899100,,,0,0.110100,0.002000,-0.002000,0,3.240,0.160,-0.160,0,0.289,0.014,-0.014,0,9.60000,2.07000,-2.31000,0,0.03020,0.00651,-0.00727,0,Mass,0.003380,0.001640,-0.001640,0,7.30,0.90,-0.80,0,459,13,-12,0,0,M1,3665.00,31.00,-31.00,0,0.82,0.02,-0.02,0,0.50,0.03,-0.03,0,0.120,0.100,-0.100,0,[M/H],4.40,0.03,-0.03,0,20h45m09.87s,311.2911369,-31d20m32.82s,-31.3424500,9.7221000,0.0046250,-0.0046250,8.8100000,0.1000000,-0.1000000,4.5290000,0.0200000,-0.0200000,7.8403800,0.0007310,-0.0007310
AU Mic d,AU Mic,1,3,Transit Timing Variations,2023,Multiple Observatories,0,12.73596000,0.00793000,-0.00793000,0,,,,,1.020,,,0,0.091,,,0,1.05300,0.51100,-0.51100,0,0.00331,0.00161,-0.00161,0,Mass,0.003050,0.001040,-0.001040,0,,,,,,,,,0,M1,3678.00,90.00,-88.00,0,0.74,0.02,-0.02,0,0.51,0.03,-0.03,0,0.230,0.240,-0.300,0,[Fe/H],4.40,0.03,-0.03,0,20h45m09.87s,311.2911369,-31d20m32.82s,-31.3424500,9.7221000,0.0046250,-0.0046250,8.8100000,0.1000000,-0.1000000,4.5290000,0.0200000,-0.0200000,7.8403800,0.0007310,-0.0007310
BD+03 2562 b,BD+03 2562,1,1,Radial Velocity,2017,Multiple Observatories,0,481.90000000,2.70000000,-2.80000000,0,1.300000,0.100000,-0.100000,0,12.700,,,0,1.130,,,0,2034.11200,413.17900,-413.17900,0,6.40000,1.30000,-1.30000,0,Msini,0.200000,0.120000,-0.080000,0,,,,,,,,,0,,4095.00,20.00,-20.00,0,32.35,8.82,-8.82,0,1.14,0.25,-0.25,0,-0.710,0.090,-0.090,0,[Fe/H],1.89,0.10,-0.10,0,11h50m15.53s,177.5647268,+02d45m36.39s,2.7601075,1070.6300000,63.8750000,-63.8750000,9.5770000,0.0080000,-0.0080000,6.0210000,0.0210000,-0.0210000,8.9977000,0.0002920,-0.0002920
BD+14 4559 b,BD+14 4559,1,1,Radial Velocity,2009,McDonald Observatory,0,268.94000000,0.99000000,-0.99000000,0,0.780000,0.050000,-0.050000,0,13.800,,,0,1.230,,,0,330.54320,149.38010,-149.38010,0,1.04000,0.47000,-0.47000,0,Msini,0.290000,0.030000,-0.030000,0,,,,,,,,,0,K2 V,4864.00,101.00,-101.00,0,0.86,0.04,-0.04,0,0.49,0.33,-0.33,0,0.170,,,0,[Fe/H],4.26,0.29,-0.29,0,21h13m36.24s,318.4010002,+14d41m21.78s,14.6893834,49.3520000,0.0846000,-0.0844000,9.7800000,0.0300000,-0.0300000,7.3360000,0.0230000,-0.0230000,9.3510800,0.0002530,-0.0002530
BD+15 2375 b,BD+15 2375,1,1,Radial Velocity,2016,Roque de los Muchachos Observatory,0,153.22000000,0.44000000,-0.44000000,0,0.576000,0.027000,-0.027000,0,13.800,,,0,1.230,,,0,337.21763,85.81410,-85.81410,0,1.06100,0.27000,-0.27000,0,Msini,0.001000,0.250000,-0.001000,0,,,,,,,,,0,G5,4649.00,30.00,-30.00,0,8.95,1.45,-1.45,0,1.08,0.14,-0.14,0,-0.220,0.080,-0.080,0,[Fe/H],2.61,0.12,-0.12,0,11h45m55.69s,176.4820239,+14d36m58.75s,14.6163182,768.0450000,45.0380000,-45.0380000,10.4100000,0.0100000,-0.0100000,7.7180000,0.0170000,-0.0170000,9.9918000,0.0004580,-0.0004580
BD+15 2940 b,BD+15 2940,1,1,Radial Velocity,2013,McDonald Observatory,0,137.48000000,0.34000000,-0.34000000,0,0.539000,,,0,13.700,,,0,1.230,,,0,352.78000,,,0,1.11000,,,0,Msini,0.260000,0.100000,-0.100000,0,,,,,,,,,0,K0,4796.00,117.00,-117.00,0,14.70,2.80,-2.80,0,1.10,0.20,-0.20,0,0.280,0.070,-0.070,0,[Fe/H],2.80,0.45,-0.45,0,16h00m22.95s,240.0956400,+15d32m48.30s,15.5467507,426.4200000,6.4400000,-6.4400000,9.0100000,0.0300000,-0.0300000,6.5250000,0.0160000,-0.0160000,8.7178000,0.0002910,-0.0002910
BD+20 2457 b,BD+20 2457,1,2,Radial Velocity,2009,McDonald Observatory,0,379.63000000,2.01000000,-2.01000000,0,1.450000,,,0,12.100,,,0,1.080,,,0,6807.63000,,,0,21.42000,,,0,Msini,0.150000,0.030000,-0.030000,0,,,,,,,,,0,K2 II,4137.00,10.00,-10.00,0,49.00,26.00,-26.00,0,2.80,1.50,-1.50,0,-1.000,0.070,-0.070,0,[Fe/H],1.51,0.05,-0.05,0,10h16m44.83s,154.1867820,+19d53m28.55s,19.8912626,1539.7100000,189.9250000,-189.9250000,9.7430000,0.0080000,-0.0080000,6.4200000,0.0210000,-0.0210000,9.2268400,0.0004420,-0.0004420
BD+20 2457 c,BD+20 2457,1,2,Radial Velocity,2009,McDonald Observatory,0,621.99000000,10.20000000,-10.20000000,0,2.010000,,,0,12.400,,,0,1.100,,,0,3963.17000,,,0,12.47000,,,0,Msini,0.180000,0.060000,-0.060000,0,,,,,,,,,0,K2 II,4137.00,10.00,-10.00,0,49.00,26.00,-26.00,0,2.80,1.50,-1.50,0,-1.000,0.070,-0.070,0,[Fe/H],1.51,0.05,-0.05,0,10h16m44.83s,154.1867820,+19d53m28.55s,19.8912626,1539.7100000,189.9250000,-189.9250000,9.7430000,0.0080000,-0.0080000,6.4200000,0.0210000,-0.0210000,9.2268400,0.0004420,-0.0004420
BD+20 274 b,BD+20 274,1,1,Radial Velocity,2012,McDonald Observatory,0,578.20000000,5.40000000,-5.40000000,0,1.300000,,,0,13.000,,,0,1.160,,,0,1334.88600,,,0,4.20000,,,0,Msini,0.210000,0.060000,-0.060000,0,,,,,,,,,0,K5 III,4296.00,10.00,-10.00,0,17.30,0.90,-0.90,0,0.80,0.20,-0.20,0,-0.460,0.070,-0.070,0,[Fe/H],1.99,0.05,-0.05,0,01h43m40.88s,25.9203179,+21d00m18.97s,21.0052692,1322.5100000,80.5350000,-80.5350000,9.3670000,0.0080000,-0.0080000,6.1690000,0.0270000,-0.0270000,8.9161300,0.0004680,-0.0004680
BD+20 594 b,BD+20 594,1,1,Transit,2016,K2,0,41.68550000,0.00300000,-0.00300000,0,0.241000,0.019000,-0.017000,0,2.578,0.112,-0.112,0,0.230,0.010,-0.010,0,22.24810,9.53490,-9.53490,0,0.07000,0.03000,-0.03000,0,Mass,0.000000,,,0,,,,,546,19,-18,0,0,G,5766.00,99.00,-99.00,0,1.08,0.06,-0.06,0,1.67,0.40,-0.40,0,-0.150,,,0,[Fe/H],4.50,0.08,-0.08,0,03h34m36.27s,53.6511231,+20d35m56.47s,20.5990205,179.4610000,1.2570000,-1.2400000,10.8490000,0.0120000,-0.0120000,9.3680000,0.0180000,-0.0180000,10.8644000,0.0002490,-0.0002490
BD+45 564 b,BD+45 564,1,1,Radial Velocity,2021,Haute-Provence Observatory,0,307.88000000,1.47000000,-1.47000000,0,0.830000,0.040000,-0.040000,0,13.600,,,0,1.210,,,0,432.24663,38.13941,-38.13941,0,1.36000,0.12000,-0.12000,0,Msini,0.120000,0.060000,-0.060000,0,,,,,,,,,0,K1,5004.00,50.00,-50.00,0,0.81,0.04,-0.04,0,0.81,0.07,-0.07,0,-0.090,0.030,-0.030,0,[Fe/H],4.22,0.13,-0.13,0,02h11m47.29s,32.9470485,+45d55m27.19s,45.9242187,53.6220000,0.1919000,-0.1905000,9.6700000,0.0300000,-0.0300000,7.5570000,0.0240000,-0.0240000,9.4126600,0.0002550,-0.0002550
BD+48 738 b,BD+48 738,1,1,Radial Velocity,2011,McDonald Observatory,0,392.60000000,5.50000000,-5.50000000,0,1.000000,,,0,13.900,,,0,1.240,,,0,289.22530,,,0,0.91000,,,0,Msini,0.200000,0.100000,-0.100000,0,,,,,,,,,0,K0 III,4414.00,15.00,-15.00,0,11.00,1.00,-1.00,0,0.74,0.39,-0.39,0,-0.200,0.070,-0.070,0,[Fe/H],2.24,0.06,-0.06,0,02h42m50.47s,40.7102869,+49d35m12.98s,49.5869395,871.4930000,43.8490000,-43.8490000,9.1390000,0.0040000,-0.0040000,5.9040000,0.0180000,-0.0180000,8.6556900,0.0003650,-0.0003650
BD+48 740 b,BD+48 740,1,1,Radial Velocity,2018,Multiple Observatories,0,733.00000000,5.00000000,-8.00000000,0,1.700000,0.100000,-0.100000,0,13.500,,,0,1.200,,,0,540.31100,222.48100,-222.48100,0,1.70000,0.70000,-0.70000,0,Msini,0.760000,0.050000,-0.090000,0,,,,,,,,,0,K3 III,4534.00,8.00,-8.00,0,10.33,1.81,-1.81,0,1.09,0.16,-0.16,0,-0.130,0.060,-0.060,0,[Fe/H],2.48,0.04,-0.04,0,02h42m58.21s,40.7425426,+48d55m48.21s,48.9300579,666.5890000,21.5335000,-21.5335000,8.6900000,0.0300000,-0.0300000,5.6450000,0.0170000,-0.0170000,8.2644900,0.0007610,-0.0007610
BD+49 828 b,BD+49 828,1,1,Radial Velocity,2015,McDonald Observatory,0,2590.00000000,300.00000000,-180.00000000,0,4.200000,0.320000,-0.200000,0,13.500,,,0,1.210,,,0,508.50000,127.10000,-63.60000,0,1.60000,0.40000,-0.20000,0,Msini,0.350000,0.240000,-0.100000,0,,,,,,,,,0,K0,4943.00,30.00,-30.00,0,7.60,1.30,-1.30,0,1.52,0.22,-0.22,0,-0.190,0.060,-0.060,0,[Fe/H],2.85,0.09,-0.09,0,03h02m33.75s,45.6406187,+49d43m47.81s,49.7299481,442.0420000,7.6540000,-7.6540000,9.3810000,0.0050000,-0.0050000,6.5710000,0.0210000,-0.0210000,9.0285100,0.0002350,-0.0002350
BD+55 362 b,BD+55 362,1,1,Radial Velocity,2021,Haute-Provence Observatory,0,265.59000000,1.04000000,-1.04000000,0,0.780000,0.050000,-0.050000,0,14.000,,,0,1.250,,,0,228.83645,25.42627,-25.42627,0,0.72000,0.08000,-0.08000,0,Msini,0.270000,0.060000,-0.060000,0,,,,,,,,,0,K3,5012.00,78.00,-78.00,0,0.90,0.06,-0.04,0,0.91,0.10,-0.10,0,0.180,0.050,-0.050,0,[Fe/H],4.09,0.16,-0.16,0,01h35m51.28s,23.9636676,+56d41m53.62s,56.6982282,52.5697000,0.0974000,-0.0971000,9.3800000,0.0300000,-0.0300000,7.3310000,0.0210000,-0.0210000,9.1530500,0.0001630,-0.0001630
BD+60 1417 b,BD+60 1417,1,1,Imaging,2021,Wide-field Infrared Survey Explorer (WISE) Sat,0,,,,,1662.000000,,,0,14.684,0.673,-0.673,0,1.310,0.060,-0.060,0,4767.42610,1589.14204,-1589.14204,0,15.00000,5.00000,-5.00000,0,Mass,,,,,,,,,1303,74,-74,0,0,K0,4993.00,124.00,-124.00,0,0.80,0.05,-0.05,0,1.00,,,0,,,,,,4.55,,,0,12h43m33.01s,190.8875453,+60d00m51.71s,60.0143636,44.9543000,0.0593000,-0.0592000,9.3740000,0.0030000,-0.0030000,7.2880000,0.0240000,-0.0240000,9.1743900,0.0005330,-0.0005330
BD+63 1405 b,BD+63 1405,1,1,Radial Velocity,2021,Haute-Provence Observatory,0,1198.48000000,60.79000000,-60.79000000,0,2.060000,0.140000,-0.140000,0,12.400,,,0,1.110,,,0,3305.41543,413.17693,-349.61125,0,10.40000,1.30000,-1.10000,0,Mass,0.880000,0.020000,-0.020000,0,,,,,,,,,0,K0,5000.00,53.00,-53.00,0,0.80,0.04,-0.06,0,0.82,0.08,-0.08,0,-0.090,0.030,-0.030,0,[Fe/H],4.20,0.17,-0.17,0,18h05m35.50s,271.3979337,+63d40m12.02s,63.6700064,38.0473000,0.0329000,-0.0329000,8.9600000,0.0300000,-0.0300000,6.7800000,0.0170000,-0.0170000,8.7050000,0.0002570,-0.0002570
BD-06 1339 b,BD-06 1339,1,2,Radial Velocity,2013,La Silla Observatory,1,3.87280000,0.00040000,-0.00040000,0,0.042800,0.000700,-0.000700,0,2.850,,,0,0.254,,,0,8.50000,1.30000,-1.30000,0,0.02700,0.00400,-0.00400,0,Msini,0.000000,,,0,,,,,,,,,0,K7/M0 V,4324.00,100.00,-100.00,0,0.69,0.06,-0.07,0,0.70,,,0,-0.140,0.170,-0.170,0,[Fe/H],4.74,0.02,-0.02,0,05h53m00.28s,88.2511811,-05d59m46.82s,-5.9963378,20.2695000,0.0220000,-0.0218000,9.7000000,0.0300000,-0.0300000,6.3050000,0.0180000,-0.0180000,9.1067700,0.0006020,-0.0006020
BD-06 1339 c,BD-06 1339,1,2,Radial Velocity,2013,La Silla Observatory,0,125.94000000,0.44000000,-0.44000000,0,0.435000,0.007000,-0.007000,0,8.380,,,0,0.747,,,0,53.00000,8.00000,-8.00000,0,0.17000,0.03000,-0.03000,0,Msini,0.310000,0.110000,-0.110000,0,,,,,,,,,0,K7/M0 V,4324.00,100.00,-100.00,0,0.69,0.06,-0.07,0,0.70,,,0,-0.140,0.170,-0.170,0,[Fe/H],4.74,0.02,-0.02,0,05h53m00.28s,88.2511811,-05d59m46.82s,-5.9963378,20.2695000,0.0220000,-0.0218000,9.7000000,0.0300000,-0.0300000,6.3050000,0.0180000,-0.0180000,9.1067700,0.0006020,-0.0006020
BD-08 2823 b,BD-08 2823,1,2,Radial Velocity,2009,La Silla Observatory,0,5.60000000,0.02000000,-0.02000000,0,0.060000,0.000000,0.000000,0,3.610,,,0,0.322,,,0,12.71320,3.17830,-3.17830,0,0.04000,0.01000,-0.01000,0,Msini,0.150000,0.150000,-0.150000,0,,,,,,,,,0,K3 V,4816.00,114.00,-114.00,0,0.71,0.04,-0.04,0,0.50,0.26,-0.26,0,-0.060,,,0,[Fe/H],4.43,0.22,-0.22,0,10h00m47.33s,150.1971964,-09d30m59.65s,-9.5165689,41.3342000,0.0685000,-0.0682000,9.8600000,0.0300000,-0.0300000,7.3230000,0.0210000,-0.0210000,9.5033100,0.0004180,-0.0004180
BD-08 2823 c,BD-08 2823,1,2,Radial Velocity,2009,La Silla Observatory,0,237.60000000,1.50000000,-1.50000000,0,0.680000,0.020000,-0.020000,0,12.500,,,0,1.110,,,0,104.00000,10.00000,-10.00000,0,0.33000,0.03000,-0.03000,0,Msini,0.190000,0.090000,-0.090000,0,,,,,,,,,0,K3 V,4746.00,63.00,-63.00,0,0.72,0.02,-0.02,0,0.74,0.07,-0.07,0,-0.070,0.030,-0.030,0,[Fe/H],4.13,0.26,-0.26,0,10h00m47.33s,150.1971964,-09d30m59.65s,-9.5165689,41.3342000,0.0685000,-0.0682000,9.8600000,0.0300000,-0.0300000,7.3230000,0.0210000,-0.0210000,9.5033100,0.0004180,-0.0004180
BD-10 3166 b,BD-10 3166,1,1,Radial Velocity,2000,W. M. Keck Observatory,0,3.48777000,0.00011000,-0.00011000,0,0.040000,0.000000,0.000000,0,14.100,,,0,1.260,,,0,187.51970,22.24810,-22.24810,0,0.59000,0.07000,-0.07000,0,Msini,0.020000,0.020000,-0.020000,0,,,,,,,,,0,K0 V,5393.00,44.00,-44.00,0,0.91,0.04,-0.04,0,1.47,0.24,-0.24,0,0.380,,,0,[Fe/H],4.69,0.06,-0.06,0,10h58m28.59s,164.6191243,-10d46m13.52s,-10.7704227,84.4069000,0.3537000,-0.3508000,10.0130000,0.0070000,-0.0070000,8.1240000,0.0260000,-0.0260000,9.8398100,0.0006070,-0.0006070
BD-11 4672 b,BD-11 4672,1,2,Radial Velocity,2014,La Silla Observatory,0,1634.00000000,13.00000000,-14.00000000,0,2.360000,0.040000,-0.040000,0,14.100,,,0,1.250,,,0,206.58950,15.89150,-19.06980,0,0.65000,0.05000,-0.06000,0,Msini,0.050000,0.050000,-0.030000,0,,,,,,,,,0,K7 V,4550.00,110.00,-110.00,0,0.64,0.02,-0.02,0,0.65,0.03,-0.03,0,-0.350,0.150,-0.150,0,[Fe/H],4.64,0.03,-0.03,0,18h33m28.53s,278.3688659,-11d38m13.37s,-11.6370481,27.1665000,0.0346000,-0.0346000,10.0300000,0.0300000,-0.0300000,6.8670000,0.0240000,-0.0240000,9.4851100,0.0005180,-0.0005180
BD-11 4672 c,BD-11 4672,1,2,Radial Velocity,2020,Roque de los Muchachos Observatory,0,74.20000000,0.06000000,-0.08000000,0,0.300000,0.010000,-0.010000,0,4.040,,,0,0.360,,,0,15.37000,2.97000,-2.81000,0,0.04836,0.00934,-0.00884,0,Msini,0.400000,0.130000,-0.150000,0,,,,,,,,,0,K7V,4550.00,110.00,-110.00,0,0.64,0.02,-0.02,0,0.65,0.03,-0.03,0,-0.350,0.150,-0.150,0,[Fe/H],4.64,0.03,-0.03,0,18h33m28.53s,278.3688659,-11d38m13.37s,-11.6370481,27.1665000,0.0346000,-0.0346000,10.0300000,0.0300000,-0.0300000,6.8670000,0.0240000,-0.0240000,9.4851100,0.0005180,-0.0005180
BD-13 2130 b,BD-13 2130,1,1,Radial Velocity,2007,La Silla Observatory,0,714.29999000,5.30000000,-5.30000000,0,1.660000,0.120000,-0.120000,0,12.500,,,0,1.110,,,0,3108.37740,1449.30480,-1449.30480,0,9.78000,4.56000,-4.56000,0,Msini,0.210000,0.070000,-0.070000,0,,,,,,,,,0,G5 IV/V,4545.00,71.00,-71.00,0,19.17,4.96,-4.96,0,2.12,1.47,-1.47,0,-0.080,,,0,[Fe/H],2.20,0.20,-0.20,0,07h37m09.23s,114.2884692,-13d54m24.01s,-13.9066703,925.2140000,41.2110000,-41.2110000,10.0380000,0.0090000,-0.0090000,7.1510000,0.0230000,-0.0230000,9.6997100,0.0003370,-0.0003370
BD-14 3065 b,BD-14 3065 A,3,1,Transit,2024,Transiting Exoplanet Survey Satellite (TESS),0,4.28897310,0.00000520,-0.00000520,0,0.065600,0.002600,-0.002600,0,21.590,1.050,-1.050,0,1.926,0.094,-0.094,0,3932.00000,290.00000,-280.00000,0,12.37000,0.92000,-0.87000,0,Mass,0.066000,0.009800,-0.011000,0,646.76,,,0,2001,31,-31,0,0,,6935.00,90.00,-90.00,0,2.35,0.08,-0.08,0,1.41,0.05,-0.05,0,-0.340,0.050,-0.050,0,[Fe/H],3.85,0.03,-0.03,0,10h14m40.72s,153.6696689,-15d38m34.21s,-15.6428372,589.4230000,16.5990000,-15.7290000,11.1000000,0.0130000,-0.0130000,9.9320000,0.0260000,-0.0260000,10.9100000,0.0016170,-0.0016170
BD-17 63 b,BD-17 63,1,1,Radial Velocity,2008,La Silla Observatory,0,655.57000000,0.58000000,-0.58000000,0,1.340000,0.020000,-0.020000,0,12.800,,,0,1.150,,,0,1639.99458,63.56568,-63.56568,0,5.16000,0.20000,-0.20000,0,Mass,0.543900,0.005200,-0.005200,0,,,,,,,,,0,K5 V,4714.00,93.00,-93.00,0,0.74,0.04,-0.04,0,0.74,0.04,-0.04,0,-0.030,0.060,-0.060,0,[Fe/H],4.26,0.24,-0.24,0,00h28m33.92s,7.1413494,-16d13m38.37s,-16.2273254,34.4603000,0.0929000,-0.0924000,9.6200000,0.0300000,-0.0300000,6.9140000,0.0240000,-0.0240000,9.2011200,0.0005140,-0.0005140
BD-210397 b,BD-210397,1,2,Radial Velocity,2023,La Silla Observatory,0,1891.00000000,56.00000000,-48.00000000,0,2.630000,0.060000,-0.050000,0,14.000,,,0,1.250,,,0,214.00000,31.00000,-32.00000,0,0.70000,0.10000,-0.10000,0,Msini,0.100000,0.100000,-0.100000,0,0.02,0.00,0.00,0,,,,,0,K7 V,4051.00,239.00,-239.00,0,0.75,0.09,-0.09,0,0.68,0.02,-0.02,0,0.120,0.100,-0.100,0,[Fe/H],4.67,0.06,-0.06,0,02h13m12.58s,33.3024198,-21d11m46.37s,-21.1962147,23.7324000,0.0228000,-0.0227000,9.8400000,0.0300000,-0.0300000,6.5040000,0.0180000,-0.0180000,9.2596200,0.0008260,-0.0008260
BD-210397 c,BD-210397,1,2,Radial Velocity,2023,La Silla Observatory,0,6240.00000000,151.00000000,-156.00000000,0,5.900000,0.100000,-0.100000,0,12.900,,,0,1.150,,,0,1525.57635,190.69704,-190.69704,0,4.80000,0.60000,-0.60000,0,Mass,0.430000,0.050000,-0.050000,0,0.00,0.00,0.00,0,,,,,0,K7 V,4051.00,239.00,-239.00,0,0.75,0.09,-0.09,0,0.69,0.01,-0.01,0,0.120,0.100,-0.100,0,[Fe/H],4.67,0.06,-0.06,0,02h13m12.58s,33.3024198,-21d11m46.37s,-21.1962147,23.7324000,0.0228000,-0.0227000,9.8400000,0.0300000,-0.0300000,6.5040000,0.0180000,-0.0180000,9.2596200,0.0008260,-0.0008260
CD Cet b,CD Cet,1,1,Radial Velocity,2020,Calar Alto Observatory,0,2.29070000,0.00012000,-0.00012000,0,0.018500,0.001300,-0.001300,0,1.820,,,0,0.162,,,0,3.95000,0.42000,-0.43000,0,0.01243,0.00132,-0.00135,0,Msini,,,,,8.60,2.40,-2.40,0,464,18,-18,0,0,M5.0 V,3130.00,51.00,-51.00,0,0.17,0.01,-0.01,0,0.16,0.01,-0.01,0,0.130,0.160,-0.160,0,[Fe/H],4.93,0.04,-0.04,0,03h13m24.72s,48.3530155,+04d46m30.68s,4.7751881,8.6071500,0.0065800,-0.0065800,13.9500000,0.2000000,-0.2000000,7.8330000,0.0240000,-0.0240000,12.1232000,0.0010500,-0.0010500
CFBDSIR J145829+101343 b,CFBDSIR J145829+101343,1,1,Imaging,2011,W. M. Keck Observatory,0,10037.50000000,2737.50000000,-2737.50000000,0,2.600000,0.300000,-0.300000,0,12.400,,,0,1.110,,,0,3337.10000,1430.20000,-1430.20000,0,10.50000,4.50000,-4.50000,0,Mass,,,,,,,,,370,40,-40,0,0,,580.50,24.50,-24.50,0,,,,,0.02,0.01,-0.01,0,,,,,,4.72,0.28,-0.28,0,14h58m29.00s,224.6208333,+10d13m43.0s,10.2286111,23.1000000,2.4000000,-2.4000000,,,,,,,,,
CFHTWIR-Oph 98 b,CFHTWIR-Oph 98 A,1,1,Imaging,2021,Hubble Space Telescope,0,8040000.00000000,470000.00000000,-470000.00000000,0,200.000000,6.000000,-6.000000,0,20.849,0.560,-0.560,0,1.860,0.050,-0.050,0,2479.06157,222.47988,-254.26273,0,7.80000,0.70000,-0.80000,0,Mass,,,,,,,,,1800,40,-40,0,0,M9-L1,2320.00,40.00,-40.00,0,0.24,0.01,-0.01,0,0.01,0.00,0.00,0,,,,,,3.85,0.01,-0.01,0,16h27m44.23s,246.9342770,-23d58m52.14s,-23.9811500,,,,,,,14.5930000,0.0980000,-0.0980000,,,
CHXR 73 b,CHXR 73,1,1,Imaging,2006,Hubble Space Telescope,0,,,,,210.000000,,,0,12.300,,,0,1.100,,,0,3994.48600,2662.99100,-1664.36900,0,12.56900,8.37900,-5.23700,0,Mass,,,,,,,,,,,,,0,M3.5,3099.00,128.00,-128.00,0,,,,,0.35,,,0,,,,,,,,,,11h06m28.66s,166.6193985,-77d37m33.14s,-77.6258725,190.3740000,6.6470000,-6.2200000,,,,10.7030000,0.0230000,-0.0230000,17.2934000,0.0013960,-0.0013960
CI Tau c,CI Tau,1,1,Radial Velocity,2024,Multiple Observatories,0,25.20000000,1.70000000,-1.80000000,0,0.170000,0.080000,-0.080000,0,13.000,,,0,1.160,,,0,1144.18227,95.34852,-95.34852,0,3.60000,0.30000,-0.30000,0,Msini,0.580000,0.050000,-0.060000,0,,,,,,,,,0,K7,3807.00,131.00,-131.00,0,1.88,0.09,-0.42,0,0.90,0.02,-0.02,0,,,,,,,,,,04h33m52.02s,68.4667685,+22d50m29.83s,22.8416192,157.9980000,1.1980000,-1.1800000,13.6420000,0.1720000,-0.1720000,7.7930000,0.0200000,-0.0200000,12.1454000,0.0118660,-0.0118660
COCONUTS-2 b,COCONUTS-2 A,1,1,Imaging,2021,NASA Infrared Telescope Facility (IRTF),0,402000000.00000000,470000000.00000000,-100000000.00000000,0,7506.000000,5205.000000,-2060.000000,0,12.442,0.336,-0.336,0,1.110,0.030,-0.030,0,2002.31896,476.74261,-603.87397,0,6.30000,1.50000,-1.90000,0,Mass,,,,,,,,,434,9,-9,0,0,M3 V,3406.00,69.00,-69.00,0,0.39,0.01,-0.01,0,0.37,0.02,-0.02,0,0.000,0.080,-0.080,0,[Fe/H],4.83,0.03,-0.03,0,07h49m12.22s,117.3009140,-76d42m09.71s,-76.7026960,10.8864000,0.0041000,-0.0042000,11.2980000,0.0270000,-0.0270000,6.5790000,0.0180000,-0.0180000,10.1460000,0.0015670,-0.0015670
CT Cha b,CT Cha,1,1,Imaging,2007,Paranal Observatory,0,,,,,440.000000,,,0,24.660,9.080,-6.730,0,2.200,0.810,-0.600,0,5403.00000,1907.00000,-1907.00000,0,17.00000,6.00000,-6.00000,0,Mass,,,,,,,,,2600,250,-250,0,0,K5e,4403.00,6.00,-10.00,0,1.68,0.10,-0.16,0,,,,,-0.560,0.010,-0.010,0,[Fe/H],3.66,0.01,-0.01,0,11h04m09.00s,166.0375038,-76d27m19.33s,-76.4553693,190.7200000,0.7780000,-0.7710000,12.3350000,0.0690000,-0.0690000,8.6610000,0.0210000,-0.0210000,11.7733000,0.0047010,-0.0047010
CoRoT-1 b,CoRoT-1,1,1,Transit,2008,CoRoT,0,1.50895570,0.00000640,-0.00000640,0,0.027520,0.000220,-0.000230,0,16.700,0.900,-0.900,0,1.490,0.080,-0.080,0,327.35000,38.14000,-38.14000,0,1.03000,0.12000,-0.12000,0,Mass,0.000000,,,0,2852.63,,,0,1898,50,-50,0,0,G0 V,5950.00,150.00,-150.00,0,1.11,0.05,-0.05,0,0.95,0.15,-0.15,0,-0.300,0.250,-0.250,0,[M/H],4.25,0.30,-0.30,0,06h48m19.17s,102.0798591,-03d06m07.70s,-3.1021394,787.9090000,23.4910000,-23.4910000,13.6230000,0.1140000,-0.1140000,12.1490000,0.0270000,-0.0270000,13.4570000,0.0004770,-0.0004770
CoRoT-10 b,CoRoT-10,1,1,Transit,2010,CoRoT,0,13.24060000,0.00020000,-0.00020000,0,0.105500,0.002100,-0.002100,0,10.870,0.780,-0.780,0,0.970,0.070,-0.070,0,874.00000,50.85000,-50.85000,0,2.75000,0.16000,-0.16000,0,Mass,0.530000,0.040000,-0.040000,0,,,,,600,23,-23,0,0,K1 V,5075.00,75.00,-75.00,0,0.79,0.05,-0.05,0,0.89,0.05,-0.05,0,0.260,0.070,-0.070,0,[Fe/H],4.65,0.10,-0.10,0,19h24m15.28s,291.0636813,+00d44m45.65s,0.7460143,338.3860000,3.9865000,-3.9865000,15.2930000,0.1370000,-0.1370000,11.7820000,0.0210000,-0.0210000,14.6645000,0.0003290,-0.0003290
CoRoT-11 b,CoRoT-11,1,1,Transit,2010,CoRoT,0,2.99433000,0.00001100,-0.00001100,0,0.043600,0.005000,-0.005000,0,16.030,0.340,-0.340,0,1.430,0.030,-0.030,0,740.51000,108.06000,-108.06000,0,2.33000,0.34000,-0.34000,0,Mass,0.000000,,,0,1890.65,,,0,1657,55,-55,0,0,F6 V,6440.00,120.00,-120.00,0,1.37,0.03,-0.03,0,1.27,0.05,-0.05,0,-0.030,0.080,-0.080,0,[Fe/H],4.22,0.23,-0.23,0,18h42m44.95s,280.6872998,+05d56m15.57s,5.9376586,655.0370000,24.9470000,-23.2090000,12.8970000,0.1140000,-0.1140000,11.2480000,0.0220000,-0.0220000,12.8410000,0.0003360,-0.0003360
CoRoT-12 b,CoRoT-12,1,1,Transit,2010,CoRoT,0,2.82804200,0.00001300,-0.00001300,0,0.040160,0.000930,-0.000920,0,16.140,1.460,-1.460,0,1.440,0.130,-0.130,0,291.43800,22.24700,-20.65800,0,0.91700,0.07000,-0.06500,0,Mass,0.070000,0.063000,-0.042000,0,661.13,,,0,1442,58,-58,0,0,,5675.00,80.00,-80.00,0,1.12,0.10,-0.09,0,1.08,0.08,-0.07,0,0.160,0.100,-0.100,0,[Fe/H],4.38,0.07,-0.06,0,06h43m03.76s,100.7656871,-01d17m47.20s,-1.2964437,1126.3700000,55.7450000,-55.7450000,15.5880000,0.1830000,-0.1830000,13.5570000,0.0420000,-0.0420000,15.3453000,0.0007700,-0.0007700
CoRoT-13 b,CoRoT-13,1,1,Transit,2010,CoRoT,0,4.03519000,0.00003000,-0.00003000,0,0.051000,0.003100,-0.003100,0,9.920,0.157,-0.157,0,0.885,0.014,-0.014,0,415.70400,20.97600,-20.97600,0,1.30800,0.06600,-0.06600,0,Mass,0.000000,,,0,546.53,,,0,1700,,,0,0,G0 V,5945.00,90.00,-90.00,0,1.01,0.03,-0.03,0,1.09,0.02,-0.02,0,0.010,0.070,-0.070,0,[Fe/H],4.46,0.05,-0.05,0,06h50m53.07s,102.7211432,-05d05m11.24s,-5.0864557,1148.9300000,62.1200000,-56.1500000,15.0050000,0.2970000,-0.2970000,13.3760000,0.0390000,-0.0390000,14.9147000,0.0005000,-0.0005000
CoRoT-14 b,CoRoT-14,1,1,Transit,2010,CoRoT,0,1.51214000,0.00013000,-0.00013000,0,0.027000,0.002000,-0.002000,0,12.220,0.780,-0.780,0,1.090,0.070,-0.070,0,2415.40000,190.70000,-190.70000,0,7.60000,0.60000,-0.60000,0,Mass,0.000000,,,0,,,,,1952,66,-66,0,0,F9 V,6035.00,100.00,-100.00,0,1.21,0.08,-0.08,0,1.13,0.09,-0.09,0,0.050,0.150,-0.150,0,[Fe/H],4.35,0.15,-0.15,0,06h53m41.81s,103.4242023,-05d32m09.74s,-5.5360385,1744.6000000,173.0300000,-144.9000000,15.9320000,0.2060000,-0.2060000,13.8060000,0.0530000,-0.0530000,15.8116000,0.0007690,-0.0007690
CoRoT-16 b,CoRoT-16,1,1,Transit,2011,CoRoT,0,5.35227000,0.00020000,-0.00020000,0,0.061800,0.001500,-0.001500,0,13.110,1.790,-1.570,0,1.170,0.160,-0.140,0,170.03200,27.01400,-26.37900,0,0.53500,0.08500,-0.08300,0,Mass,0.330000,0.090000,-0.100000,0,,,,,,,,,0,G5 V,5650.00,100.00,-100.00,0,1.19,0.14,-0.13,0,1.10,0.08,-0.08,0,0.190,0.060,-0.060,0,[M/H],4.36,0.10,-0.10,0,18h34m05.92s,278.5246658,-06d00m09.37s,-6.0026026,732.4090000,35.3440000,-32.2820000,16.0520000,0.2170000,-0.2170000,12.8470000,0.0370000,-0.0370000,15.6507000,0.0009980,-0.0009980
CoRoT-17 b,CoRoT-17,1,1,Transit,2011,CoRoT,0,3.76810000,0.00030000,-0.00030000,0,0.046100,0.000800,-0.000800,0,11.430,0.780,-0.780,0,1.020,0.070,-0.070,0,772.29000,95.34000,-95.34000,0,2.43000,0.30000,-0.30000,0,Mass,0.000000,,,0,,,,,1626,31,-31,0,0,G2 V,5740.00,80.00,-80.00,0,1.59,0.07,-0.07,0,1.04,0.10,-0.10,0,0.000,0.100,-0.100,0,[Fe/H],4.40,0.10,-0.10,0,18h34m47.82s,278.6992360,-06d36m44.24s,-6.6122880,1176.1200000,57.1700000,-52.1900000,16.2900000,0.3200000,-0.3200000,12.4720000,0.0540000,-0.0540000,15.4368000,0.0005240,-0.0005240
CoRoT-18 b,CoRoT-18,1,1,Transit,2011,CoRoT,0,1.90006930,0.00000280,-0.00000280,0,0.029500,0.001600,-0.001600,0,14.680,2.020,-2.020,0,1.310,0.180,-0.180,0,1102.82000,120.77000,-120.77000,0,3.47000,0.38000,-0.38000,0,Mass,0.080000,,,1,823.70,,,0,1550,90,-90,0,0,G9 V,5440.00,100.00,-100.00,0,1.00,0.13,-0.13,0,0.95,0.15,-0.15,0,-0.100,0.100,-0.100,0,[Fe/H],4.40,0.10,-0.10,0,06h32m41.38s,98.1724172,-00d01m53.78s,-0.0316045,764.8890000,27.6140000,-25.7840000,14.8680000,0.1720000,-0.1720000,13.0140000,0.0300000,-0.0300000,14.8009000,0.0012110,-0.0012110
CoRoT-19 b,CoRoT-19,1,1,Transit,2011,CoRoT,0,3.89713000,0.00002000,-0.00002000,0,0.051800,0.000800,-0.000800,0,14.460,0.340,-0.340,0,1.290,0.030,-0.030,0,352.78000,19.07000,-19.07000,0,1.11000,0.06000,-0.06000,0,Mass,0.047000,0.045000,-0.045000,0,1103.81,,,0,2000,150,-150,0,0,F9 V,6090.00,70.00,-70.00,0,1.65,0.04,-0.04,0,1.21,0.05,-0.05,0,-0.020,0.100,-0.100,0,[Fe/H],4.07,0.03,-0.03,0,06h28m08.06s,97.0335983,-00d10m14.63s,-0.1707293,790.6630000,26.7370000,-25.0710000,14.1350000,0.1490000,-0.1490000,11.8370000,0.0240000,-0.0240000,13.7831000,0.0005580,-0.0005580
